slug,name,category,tvl,tvl_change_1d,tvl_change_7d,tvl_change_30d,tvl_change_90d,volume_24h,volume_7d,volume_30d,volume_change_7d,volume_change_30d,aggregator_volume_24h,aggregator_volume_30d,fees_24h,fees_30d,fees_change_30d,revenue_24h,revenue_30d,mcap,capital_turnover,momentum
sanctum-validator-lsts,Sanctum Validator LSTs,Liquid Staking,1972534577.9843736,-0.8933802820954071,1.3178030235912814,25.048413795581865,69.02549183460151,,,,,,,,385856.0,7851289.0,25.59,9785.0,218060.0,,,63.8
kamino-lend,Kamino Lend,Lending,1396235293.31127,-0.07817822142558839,-3.1591097077872803,5.176326033885588,35.472950497384005,,,,,,,,171586.0,4636142.0,13.16,22163.0,597541.0,,,54.2
raydium-amm,Raydium AMM,Dexs,1345729844.6167607,-0.9279541225760539,1.0580034571484163,20.108892625209783,47.60428687526775,144189425.0,1706943262.0,9436616599.0,-30.83,133.53,,,333260.0,35029052.0,245.33,51536.0,5422544.0,,7.012266716643545,66.3
jupiter-lend,Jupiter Lend,Lending,1320343658.8992045,0.30344946200840184,12.732166687898783,21.567039299053125,40.95344573026742,,,,,,,,30439.0,3897904.0,8.68,1441.0,195809.0,,,61.8
jito-liquid-staking,Jito Liquid Staking,Liquid Staking,1256476679.2251759,-0.7686491025494604,1.9584806793340022,18.782832962478277,55.44498147740374,,,,,,,,216474.0,4479407.0,23.31,0.0,0.0,,,61.9
binance-staked-sol,Binance Staked SOL,Liquid Staking,1251218803.2968538,0.5418427854147296,3.086911692434356,15.091214277334878,51.47614248326589,,,,,,,,221273.0,4696457.62,21.23,22127.0,497318.62,,,60.7
jupiter-perpetual-exchange,Jupiter Perpetual Exchange,Derivatives,817735646.198994,-0.19915514818326585,0.5811792402514442,8.114692427843687,12.442582843321185,,,,,,,,139460.0,7800434.0,-15.72,34865.0,1950110.0,,,48.4
jupiter-staked-sol,Jupiter Staked SOL,Liquid Staking,623445922.2702185,-0.5142027579223623,1.6642847802329896,16.365999589609878,45.86581256245971,,,,,,,,105780.0,2232840.96,19.37,5303.0,122276.96,,,60.2
marinade-native,Marinade Native,Staking Pool,448365302.0026941,-0.6248883396915375,-1.9293737090555538,9.887756753165661,99.09773858220987,,,,,,,,71027.0,1968167.0,60.37,7568.0,203568.0,,,64.7
pumpswap,PumpSwap,Dexs,404971527.50788075,2.0048635363524454,3.409301290323725,18.27579031527944,62.977952043394446,397812152.0,2304941962.0,13060587268.0,-13.51,-33.81,,,5161069.0,112702925.0,26.89,713328.0,14521364.0,,32.25063092304888,51.5
sentora-curator,Sentora Curator,Risk Curators,379219571.8212593,0.27639875998789876,-9.259746191394399,-3.0162740139689204,-2.6644628560591532,,,,,,,,13513.0,368927.0,11.53,676.0,18447.0,,,49.7
drift-staked-sol,Drift Staked SOL,Liquid Staking,340027615.8079149,-0.7170162189723328,0.6607614182805293,16.82121902361293,50.88129967910804,,,,,,,,60913.0,1277069.17,20.47,1528.0,32040.170000000002,,,60.3
orca-dex,Orca DEX,Dexs,321822530.89943177,0.15091588470338024,8.31021695963041,25.610324202256884,29.662731482185627,257829129.0,2255111306.0,7877668594.0,-5.36,19.85,,,223974.0,10955414.0,132.46,29117.0,1424202.0,,24.478300422234078,67.1
onre,OnRe,RWA,292792469.24100596,0.3925693381499542,-1.1909689589599424,-2.1293490632420498,34.79914961364351,,,,,,,,82111.0,2661534.0,3.62,0.0,83608.04000000001,,,50.0
marinade-liquid-staking,Marinade Liquid Staking,Liquid Staking,276591735.6528372,-0.3278479754340822,1.0285710274963549,13.617514146285146,40.16514930750719,,,,,,,,42233.0,1220065.0,22.47,4463.0,123157.0,,,60.0
forward-industries-sol,Forward Industries SOL,Liquid Staking,261704553.31798866,-0.6038793513636875,,,,,,,,,,,46846.0,892830.01,36.22,1217.0,18400.010000000002,,,
huma,Huma,RWA,257472857.3255085,-0.6340992038973496,10.856015792362527,35.229442572651635,32.248734148009405,,,,,,,,99209.0,2637997.0,55.78,0.0,0.0,57959991.44841083,,74.0
ccip,CCIP,Bridge,250870666.32962948,-0.015191726449998555,5.2133955118075335,112.00951783716822,336.9640750004333,,,,,,,,,,,,,,,77.0
sanctum-infinity,Sanctum Infinity,Dexs,233878681.42215866,-0.9911662475755634,1.0971405377535888,17.661715201255344,42.31496261543871,10447.0,89642.0,3872748.0,-96.87,-1.86,,,32243.0,749719.0,21.39,1612.0,37486.0,,0.016558790123369832,46.4
dfdv-staked-sol,DFDV Staked SOL,Liquid Staking,220769144.2446003,-0.6504028622312887,3.365696334789007,61.57679130887798,255.7328292823664,,,,,,,,,,,,,,,71.6
solstice,Solstice,Basis Trading,212104610.44146302,-0.003520710938047955,-1.3951106987528732,-10.842252911833253,-58.6179125145762,,,,,,,,1252.0,44413.0,-74.48,0.0,0.0,14774653.727502156,,32.8
marinade-select,Marinade Select,Staking Pool,202723810.5593996,-0.6513540539542078,2.6400500384451675,8.180331040373561,107.1361415337012,,,,,,,,33084.0,949291.0,39.21,3508.0,98483.0,,,62.4
meteora-dlmm,Meteora DLMM,Dexs,194284481.41621703,0.5211546167453491,2.6033982783969947,-4.797406197827182,-7.848063326670797,124172418.0,1213481985.0,6010493887.0,-17.8,33.12,,,705969.0,26867088.0,107.68,71546.0,2716608.0,,30.936561907503442,59.9
phantom-sol,Phantom SOL,Liquid Staking,192299733.0030051,-1.2035627588617785,1.2648853374554108,12.164213664501064,51.982995255870634,,,,,,,,33196.0,548830.0,-4.34,61.0,12277.0,,,52.7
bybit-staked-sol,Bybit Staked SOL,Liquid Staking,164925953.0929044,-0.5887898701956971,9.127887712253795,28.73833026112437,68.60010423206332,,,,,,,,27827.0,545754.92,21.7,1496.0,30570.92,,,65.9
the-vault-liquid-staking,The Vault Liquid Staking,Liquid Staking,160616045.6147537,-0.65304661032431,1.4319755083922416,16.292238501261508,48.8046023044341,,,,,,,,27888.0,576023.5700000001,19.86,1472.0,23945.57,,,60.2
jpool,JPool,Liquid Staking,149426697.89975753,-0.654606484454149,-0.5912636610876092,13.036763294712003,33.86390919415072,,,,,,,,25987.0,577271.0,6.94,2054.0,57481.59,,,55.5
unit,Unit,Bridge,140050118.44610792,-14.927182910511647,-16.851200087227042,55.533147041399964,153.3688842169933,,,,,,,,,,,,,,,62.6
phase-delegation,Phase Delegation,Liquid Staking,132408938.21328714,-0.7170163963716618,1.6932850170996687,17.00198403831491,,,,,,,,,22207.0,464983.04000000004,19.89,1110.0,23250.04,,,60.5
rockawayx,RockawayX,Risk Curators,130859723.94774446,0.95650115626907,-5.8083271219192625,13.801102842467719,358.13053330854086,,,,,,,,10787.0,344994.0,315.53,539.0,17248.0,,,68.6
helius-staked-sol,Helius Staked SOL,Liquid Staking,114581201.65324835,-0.6551466746991821,1.9440006681385569,19.801559864918417,62.48478081483976,,,,,,,,20513.0,425349.34,22.85,525.0,9049.509999999998,,,62.0
blazestake,BlazeStake,Liquid Staking,109264588.7551258,-0.6533864834507597,1.4339884524450497,14.358103457997956,51.19445998006269,,,,,,,,18773.0,398583.81000000006,19.52,939.0,21660.809999999998,0.0,,59.6
save,Save,Lending,97427250.10288718,-0.4325283463705887,1.5522066442058815,12.925600809113144,36.714765746922865,,,,,,,,2218.0,75407.0,41.88,0.0,8376.0,,,63.9
jagpool-staked-sol,JagPool Staked SOL,Liquid Staking,92472041.25310868,-0.6516561351388503,1.7725905946500973,16.904131901027018,51.50271034390907,,,,,,,,15564.0,322739.2,19.16,806.0,12665.220000000001,,,60.3
loopscale-lending,Loopscale Lending,Lending,91565363.92104332,,,-1.2254511052387542,,,,,,,,,9897.0,290618.0,1.64,0.0,0.0,,,50.1
doublezero-staked-sol,DoubleZero Staked SOL,Liquid Staking,83963955.0827332,-0.6530544814751806,1.7589223133875436,12.972138723269941,-80.10754774088743,,,,,,,,14021.0,298983.19000000006,-17.08,878.0,14979.509999999997,,,49.8
gate-sol,Gate SOL,Liquid Staking,79655078.42853487,-0.7755468079762835,1.7702152957808721,16.935644190494838,,,,,,,,,14259.0,298773.72,19.75,733.0,11728.920000000002,,,60.5
kamino-liquidity,Kamino Liquidity,Liquidity Manager,75729458.68675295,-0.258485067485708,-0.05281408519684305,-0.644323484088579,-29.56102728196373,,,,,,,,3729.0,191697.0,31.46,333.0,27725.0,,,57.6
sanctum-reserve,Sanctum Reserve,Yield,74890994.87961298,-0.7994231587097573,1.6241614538810012,16.626926206954312,50.10137671139404,266.0,390095.0,4814898.0,-75.21,-34.82,,,3.44,5231.469999999999,-42.94,3.44,5231.469999999999,,0.06429208221549108,33.6
project-0,Project 0,Lending,70113163.91702993,0.11119657282570472,2.383220066532161,10.981081847839185,20.839028304321786,,,,,,,,4975.0,111911.0,56.24,105.0,2900.0,,,65.7
steakhouse-financial,Steakhouse Financial,Risk Curators,69824098.4215461,-0.49130375014978256,-3.446499705032764,8.887586940319318,140.15635226246374,,,,,,,,,,,,,,,52.5
exponent-yield-exchange,Exponent Yield Exchange,Yield,68777737.51287866,0.5829648845166133,2.0085062873009747,-41.57924613852273,-20.018565187950287,,,,,,,,1339.0,496206.0,274.03,1118.0,478527.0,,,56.0
stkesol-by-sol-strategies,STKESOL by SOL Strategies,Liquid Staking,65111538.87213836,-0.7994231587097573,0.5821047513511246,11.932123881055952,27.488525037780953,,,,,,,,11570.0,241308.02,3.3,615.0,12050.02,,,54.5
portal,Portal,Bridge,59921012.48340384,0.910303291392836,2.5974735951928665,-60.906343829582276,9.94436568138636,,,,,,,,263.0,9795.0,27.47,0.0,0.0,94640826.30966721,,44.0
meteora-vaults,Meteora vaults,Yield Aggregator,56498215.883217566,-0.9970777624809415,0.11724913044911034,11.362036211741989,27.489261341791725,,,,,,,,,,,,,,,54.9
bitget-sol,Bitget SOL,Liquid Staking,55789281.27874157,-0.6038793033449679,1.7702333442608307,145.13996309369577,49020.90095649491,,,,,,,,9899.0,163354.0,152.1,0.0,270.83000000000004,,,83.9
meteora-damm-v1,Meteora DAMM V1,Dexs,51158565.47276574,-0.9150354262566793,-0.7493304225683346,9.37246323487754,26.806365957276356,1207996.0,10049314.0,51847073.0,-53.5,11.96,,,4806.0,218342.0,26.1,953.0,43369.0,,1.0134583040175509,49.4
layerzero-v2,LayerZero V2,Bridge,48773867.54092173,-0.17096748472150125,45.57710736670384,-10.441171437225725,,,,,,,,,,,,,,,,60.7
jupusd,JupUSD,Basis Trading,48647507.87903224,-1.07556391145107,10.43173177649075,2.696693357727969,-5.837303211838441,,,,,,,,,,,,,,,55.3
hylo-protocol,Hylo Protocol,Dual-Token Stablecoin,43734938.88228002,-0.4209335734983739,6.096467244224783,53.18704809610521,151.46626854480948,,,,,,,,16238.0,482274.0,130.54,5228.0,277566.0,,,79.9
marginfi-lending,marginfi Lending,Lending,41740704.65149318,0.36659282216358235,2.4018377834331943,,,,,,,,,,4975.0,111314.0,748.43,105.0,2889.0,,,76.0
definity-staked-sol,Definity Staked SOL,Liquid Staking,37360611.91700158,-0.6534531722720516,,,,,,,,,,,6372.0,130441.1,25.98,480.0,8099.21,,,
lulo,Lulo,Yield Aggregator,33018306.817392416,0.3329308410535532,-0.689735042769982,,,,,,,,,,3710.0,122425.0,-15.07,0.0,0.0,,,43.6
plume-vaults,Plume Vaults,RWA,32524721.10748488,-1.1536652424184695,3.499665000787445,,,,,,,,,,,,,,,,,
adrastea-validator,Adrastea Validator,Staking Pool,32090430.30421596,-0.6534531529230918,1.1125989228088145,,,,,,,,,,,,,,,,,
gmx-solana,GMX Solana,Derivatives,28569919.626277253,-2.885460768285725,2.3693285327580185,,,,,,,,,,127620.0,3689050.0,13.89,31905.0,922262.0,,,56.7
pacifica-perps,Pacifica Perps,Derivatives,27462851.78687371,-0.10916620486993622,8.77480897859435,,,,,,,,,,,,,,,,,
meteora-damm-v2,Meteora DAMM V2,Dexs,24263328.05641119,0.5942103298815766,-3.878668356447278,,,8612060.0,69807456.0,372388787.0,-25.47,112.7,,,112978.0,4534148.0,76.59,21733.0,870598.0,,15.347803324185872,64.3
jupiter-lend-dex,Jupiter Lend DEX,Dexs,24190106.005939934,-0.0010912398411306867,3.9463723348396798,,,9790863.0,132486489.0,554086392.0,26.62,77.54,,,566.0,6098.0,288.52,71.0,761.89,,22.905496646601833,78.4
hylo-lsts,Hylo LSTs,Liquid Staking,24183692.991684485,-0.5970490961725261,0.44115105137916544,,,,,,,,,,4584.0,95894.86999999998,19.68,498.0,9383.279999999999,,,58.1
neutral-trade,Neutral Trade,Onchain Capital Allocator,22471683.03061962,-0.03790245248593749,3.6104754165171187,,,,,,,,,,431.0,10418.0,266.06,431.0,11213.0,,,76.5
bisonfi,BisonFi,Dexs,22373335.69583627,-0.1265332980815259,2.336409453106782,13.893849984119006,,236720934.0,1988772345.0,9714893707.0,-16.55,25.32,,,,,,,,,434.21749170857726,53.9
raiku-staked-sol,Raiku Staked SOL,Liquid Staking,21854191.813842587,-0.6016570579537728,1.574854998992265,,,,,,,,,,,,,,,,,
realms,Realms,Governance Incentives,21562340.855170824,2.4404708116748424,3.5878907086147365,,,,,,,,,,,,,,,0.0,,
jito-restaking,Jito Restaking,Restaking,20512599.70373755,0.05869139333023554,1.693684728791851,,,,,,,,,,,,,,,,,
hubra-staked-sol,Hubra Staked SOL,Liquid Staking,19616262.41177007,-0.7170152757759496,3.0629844971614233,,,,,,,,,,199.0,4105.16,17.67,4.98,106.77,,,58.4
manifest-trade,Manifest Trade,Dexs,19521994.19578851,0.5088499881753705,-7.131055235629901,3.78041074770295,28.067846458662515,102389045.0,889680818.0,3753801994.0,3.14,6.75,,,,,,,,,192.2857857835963,51.2
aster-bridge,Aster Bridge,Bridge,17689797.995667625,-0.3117223332341723,2.814023139122426,,,,,,,,,,,,,,,,,
streamflow,Streamflow,Payments,17252724.039717723,-0.46107443678693016,6.380325085331535,,,391118.0,9309910.0,34106995.0,338.16,130.06,,,3542.0,188224.0,47.6,3542.0,188224.0,1389630.556686779,1.976904917825257,83.9
serum,Serum,Dexs,17189350.674169168,0.17143239736063265,0.2329742760119018,,,,,,,,,,,,,,,2393672.353560411,,
bitwise-uscc,Bitwise USCC,Basis Trading,16678975.738514183,0.0,15.873546288152099,,,,,,,,,,171.0,47384.0,-41.07,171.0,5298.0,,,41.6
futarchy-amm,Futarchy AMM,Dexs,14765129.199997582,2.6126467291016127,2.1188205847473967,,,740005.0,4874821.0,29729923.0,-58.0,5.44,,,3747.0,155522.0,5.83,3747.0,155522.0,,2.0135227126901722,42.1
kyros,Kyros,Liquid Restaking,14526442.845375512,-0.3989489069607117,1.7059097180897709,,,,,,,,,,2769.0,55377.759999999995,-21.3,15.0,526.4300000000001,279896.3146481369,,42.2
exponent-risk-tranching,Exponent Risk Tranching,Yield,14095432.691604376,-0.7903747148146039,-1.7368458611238538,,,,,,,,,,,,,,,,,
byreal,Byreal,Dexs,13321855.6251945,0.11963730953121399,-9.451164443724906,,,9630246.0,94943935.0,565644567.0,-35.88,32.7,,,2336.0,289615.0,18.44,467.0,57924.0,,42.45989319462705,49.4
perena-vaults,Perena Vaults,Onchain Capital Allocator,13236409.934593,0.16149600872937242,1.8195545268764732,,,,,,,,,,,,,,,,,
solayer-restaking,Solayer Restaking,Restaking,12477529.919567771,-0.6510075005429741,1.4927691264158511,,,,,,,,,,1744.0,37316.88,15.58,131.0,2218.0599999999995,,,57.0
unitas-usdu,Unitas USDu,Basis Trading,12433692.154796578,-0.11362196176534667,13.330742967664406,,,,,,,,,,,,,,,,,
tessera-v,Tessera V,Dexs,12214052.583680024,-1.526577885724663,-5.387696020014204,5.1610881402009205,,89124137.0,847581142.0,4083701917.0,15.07,152.68,,,,,,,,,334.3445501828357,63.3
exponent-strategy-vaults,Exponent Strategy Vaults,Onchain Capital Allocator,12058971.41198327,-0.08082320994510894,-0.5697725552225421,,,,,,,,,,,,,,,,,
bonk-staked-sol,Bonk Staked SOL,Liquid Staking,11618227.076725764,-0.6534358440396346,1.6585699707938346,,,,,,,,,,2080.0,44944.57,-2.49,52.0,1468.5700000000002,,,49.7
marginfi-lst,marginfi LST,Liquid Staking,11592222.391700981,-0.7990619845959657,1.674718452409877,,,,,,,,,,2048.0,38228.68,24.9,0.0,107.14999999999999,,,60.5
upshift,Upshift,Onchain Capital Allocator,8797941.760692596,0.2607551009296003,0.10720185955830175,,,,,,,,,,,,,,,,,
gauntlet,Gauntlet,Risk Curators,7927637.112610826,0.3580321976752998,3.128839760491914,,,,,,,,,,0.0,0.0,,0.0,0.0,,,
bulk,BULK,Derivatives,7887398.968795691,0.33304589407903507,-1.3947360077693105,,,,,,,,,,,,,,,,,
solomon-usdv,Solomon USDv,Basis Trading,7449720.241764461,0.3504031627923325,20.056340155611906,,,,,,,,,,0.0,0.0,-100.0,0.0,0.0,9827259.887756798,,35.1
loopscale-curation,Loopscale Curation,Risk Curators,7411241.788363719,0.2801686777759329,,,,,,,,,,,,,,,,,,
orderly-bridge,Orderly Bridge,Bridge,7385891.892819652,0.16042763084153933,-45.91377213471852,,,,,,,,,,,,,,,,,
save-sol,Save SOL,Liquid Staking,7356309.858742592,-0.7995496394269139,1.4907549206205886,,,,,,,,,,1251.0,26313.93,24.86,0.01,22.240000000000002,,,60.4
quarry,Quarry,Yield,6853560.632689663,-0.14944744416163758,1.6768276872769263,,,,,,,,,,,,,,,,,
pancakeswap-amm-v3,PancakeSwap AMM V3,Dexs,6762608.469359604,-0.04662330629670919,1.4631759351536573,,,0.0,46507667.0,472471039.0,-67.01,-31.84,,,0.0,87419.0,-20.11,0.0,12978.0,,69.86520676758053,29.8
near-bridge,NEAR Bridge,Canonical Bridge,6429243.987106395,3.454553947875752,3.379209141301473,,,,,,,,,,,,,,,,,
standx-bridge,StandX Bridge,Canonical Bridge,6349564.580642073,-0.13983937261615154,-2.290865869108501,,,,,,,,,,,,,,,,,
lido,Lido,Liquid Staking,6215712.679032757,0.30190072540621316,2.3513854440090824,,,,,,,,,,,,,,,385451012.16105896,,
goonfi,GoonFi,Dexs,6160992.157002163,0.39029009835962825,5.483390043576605,3.805677986542993,,47861259.0,521080101.0,2377049366.0,-18.09,75.72,,,,,,,,,385.8224950503155,56.5
francium,Francium,Yield,6144136.0,,,,,,,,,,,,,,,,,,,
crypto.com-liquid-staking,Crypto.com Liquid Staking,Liquid Staking,6123153.748731012,0.31945816767490953,2.15097195893901,,,,,,,,,,1020.0,21550.22,14.27,211.0,3662.92,,,56.7
saber,Saber,Dexs,5736588.2502842005,-0.3998303080591086,0.9935017451368822,,,94172.0,753598.0,4317375.0,-50.41,-27.22,,,,54.0,-93.33,,28.0,213865.81020834317,0.7526032567852695,24.5
renzo,Renzo,Liquid Restaking,5068547.732540119,0.43509918914395485,2.0566750445018727,,,,,,,,,,,,,,,37573269.965257555,,
stronghold-staked-sol,Stronghold Staked SOL,Liquid Staking,4995645.622040612,-0.7105111752948545,1.185251317030648,,,,,,,,,,854.0,17968.11,18.14,27.0,399.33,,,57.8
dooar-v2,DOOAR V2,Dexs,4713044.95388253,-0.22764275987344718,0.6853382512941835,,,26765.0,374467.0,1842891.0,-27.26,-19.05,,,,,,,,,0.39101918569265,37.9
stakepoint,StakePoint,Token Locker,4669726.458659516,2.6542942195177517,-13.276194903457068,,,,,,,,,,,,,,,,,
bumpin-trade,Bumpin Trade,Derivatives,4600742.008276928,-0.05161017895132147,0.7300437575148919,,,,,,,,,,,,,,,,,
vectis-finance,Vectis Finance,Yield,4345408.231352017,-0.12279836239515873,-4.33598773871806,,,,,,,,,,0.0,0.0,-100.0,0.0,0.0,,,25.2
scorch,Scorch,Dexs,4278144.349313573,-0.803569536284499,4.517862059811534,,,39856392.0,652858912.0,2414747230.0,-9.73,-11.43,,,,,,,,,564.4379976069404,45.7
invesco-ustb,Invesco USTB,RWA,3913131.598741589,0.15208694235404607,3.2731306376988982,,,,,,,,,,,,,,,,,
synatra,Synatra,Yield Aggregator,3870029.3463214105,79.03936976533313,191.12521046125875,,,,,,,,,,,,,,,,,
fluxbeam,FluxBeam,Dexs,3508989.197218096,39.85799908580708,42.560879150800616,,,1122321.0,7892054.0,33979185.0,-9.53,15.8,,,14.22,417.96999999999997,13.52,14.22,417.96999999999997,,9.683468112964976,61.1
lantern-staked-sol,Lantern Staked SOL,Liquid Staking,3461890.7742098877,-0.7170162189723612,-1.963887623732063,,,,,,,,,,595.0,12537.510000000002,52.17,36.0,841.84,,,66.7
sosovalue-indexes,SoSoValue Indexes,Indexes,3354155.5872836746,0.9977098056180012,3.2643893638990136,,,,,,,,,,,,,,,,,
fragmetric,Fragmetric,Liquid Restaking,3203038.366807237,1.4719649239113437,1.4141108148299821,,,,,,,,,,107.0,2532.0,-8.08,80.0,1099.4299999999998,65058.11293178429,,47.2
sunny,Sunny,Yield,3042875.9508528244,-0.1676414983736123,1.7701015309590957,,,,,,,,,,,,,,,,,
phase-stake,Phase Stake,Liquid Staking,3034273.825111024,-0.6038793033449537,12.348911823425794,,,,,,,,,,,,,,,,,
ratex-dex,RateX DEX,Yield,3014705.081072448,-1.6186753704070185,-25.299554341178762,,,25844.0,1111782.0,1746864.0,623.86,46.7,,,258.0,17467.0,46.72,129.0,8733.08,,0.5794477247434673,74.0
mansory,Mansory,RWA,3007309.22925012,0.10660434822598575,-0.3932335123182895,,,,,,,,,,,,,,,6983681.940013869,,
solvbtc,SolvBTC,Bridge,2763545.4187022503,0.8709680117533054,3.8646505619818186,,,,,,,,,,0.0,0.0,,0.0,0.0,,,
nirvana-v2,Nirvana V2,Reserve Currency,2481552.7872939836,-1.0370727837245965,-1.542172404391593,,,,,,,,,,,,,,,,,
oro-finance,Oro Finance,RWA,2441989.5588104767,1.1756312335506465,0.40038513289186994,,,,,,,,,,,,,,,,,
international-stable-currency,International Stable Currency,RWA,2404851.2615712606,0.02687743471305737,-0.8685524223275678,,,,,,,,,,,,,,,,,
adrastea-restaking-operator,Adrastea Restaking Operator,Staking Pool,2402688.246782359,-0.11569372071177497,-5.394592971166844,,,,,,,,,,,,,,,,,
pico-staked-sol,Pico Staked SOL,Liquid Staking,2298002.316848954,-0.6555694868544748,-0.09408049402537699,,,,,,,,,,391.0,8430.25,17.48,11.0,233.34999999999997,,,57.0
nx-finance,NX Finance,Yield Aggregator,2294611.465070827,-3.236221875314868,0.8224900213771349,,,,,,,,,,,,,,,285497.9602786744,,
katana,Katana,Options Vault,2278956.234382825,-0.453986183950974,1.7612629457216826,,,,,,,,,,,,,,,,,
privacy-cash,Privacy Cash,Privacy,1852097.9678338803,3.1191882427365982,13.942109936478019,,,,,,,,,,3709.0,114572.0,46.56,3709.0,114572.0,,,72.0
piggybank,PiggyBank,Yield,1782130.934860724,0.06567985832516854,1.5592888008309131,,,,,,,,,,,,,,,,,
reflect-tranches,Reflect Tranches,Yield,1779191.2554336656,-0.2108752062571,19.797744051881153,,,1503.0,366227.0,1652718.27,-61.92,748.36,,,,,,,,,0.9289154636706897,54.6
pascal,Pascal,Prediction Market,1764704.0143454305,-0.15532675517879113,2.5315264779253113,,,,,,,,,,,,,,,,,
hubble,Hubble,CDP,1575662.2962545906,-0.2037053265093789,0.5763443415682161,,,,,,,,,,,,,,,160131.04124575696,,
japan-staked-sol,Japan Staked SOL,Liquid Staking,1557207.6851987476,-0.7178990850114246,1.906765794899286,,,,,,,,,,,,,,,,,
n1-exchange-bridge,N1 Exchange Bridge,Bridge,1436011.0762447417,-0.4807152167529978,-2.0574714173472444,,,,,,,,,,,,,,,,,
laine-sol,Laine SOL,Liquid Staking,1433361.8564966284,-0.6534524614440187,1.2784420001291181,,,,,,,,,,244.0,5162.0,18.02,0.0,0.0,,,57.8
larix,Larix,Lending,1366800.1008378756,-0.2880293742123712,1.612343109745737,,,,,,,,,,,,,,,0.0,,
jupiter-offerbook,Jupiter Offerbook,Lending,1344288.3265581515,-1.46625856264572,3.688951664132361,,,,,,,,,,76.0,4801.0,64.47,76.0,4801.0,,,71.3
rise.rich,Rise.rich,Launchpad,1339399.8656803796,-0.7482010594676183,-5.622589249302251,,,55594.0,1068888.0,1911398.0,384.23,-60.65,,,1752.0,39435.0,-60.86,1314.0,29578.0,,1.4270555410493941,45.2
starke-staked-sol,Starke Staked SOL,Liquid Staking,1315039.1416607928,-0.6429764340209232,1.6134897516733986,,,,,,,,,,235.0,4959.6,20.02,6.13,109.47999999999999,,,58.7
openbook,OpenBook,Dexs,1148565.4443901826,-0.7848440392237563,-0.5660529852821838,,,,,,,,,,,,,,,,,
atrix,Atrix,Dexs,1125115.222857073,-0.07687138869677312,1.0158623763744998,,,,,,,,,,,,,,,,,
alphaq,AlphaQ,Dexs,1092359.4696206967,-0.09859785667711662,0.6052957696137042,,,27481905.0,271197374.0,1514680531.0,-4.98,13.33,,,275.0,15146.0,2.64,275.0,15146.0,,1386.6136314321027,51.8
phoenix-spot,Phoenix Spot,Dexs,1081719.849946829,-0.050238238905109256,0.9588693726017397,,,6412.0,32170.0,368251.05,-84.84,50.68,,,1.13,54.339999999999996,-31.22,1.13,54.339999999999996,,0.3404310737369764,38.6
tramplin.io,tramplin.io,Staking Pool,1025708.4223829963,-0.6013779511141308,-0.9884109737914031,,,,,,,,,,,,,,,,,
archer-exchange,Archer Exchange,Dexs,995507.3327155485,0.7905611339398888,25.66825160810444,,,5897362.0,37370141.0,221044086.0,11.68,24.24,,,,,,,,,222.04164523533458,65.9
hawkfi,HawkFi,Liquidity Manager,966124.2256214333,-4.965765031916547,5.77289918426294,,,,,,,,,,51217.0,846086.0,360.81,4099.0,67689.0,4543.051823132042,,77.4
sat-rush,Sat Rush,Gamified Mining,750397.6166239545,1.4465651916385696,17.7977136171005,,,,,,,,,,12005.0,601699.0,-8.8,4411.0,175690.0,2017628.1208920332,,53.6
deriverse,Deriverse,Dexs,314120.7930850159,1.926552025211791,13.160818941241843,,,32748378.0,312727132.0,1394530594.0,7.06,31.05,,,,,,,,,4439.472409018699,62.5
jupiter-prediction,Jupiter Prediction,Interface,139802.8398651509,-34.44409898031422,-13.17491126089989,,,218154.0,1359952.0,5504479.0,8.44,1.0,,,4173.0,106188.0,2.42,0.0,0.0,,39.37315583366858,49.9
pump.fun,pump.fun,Launchpad,,,,,,184204394.0,1183632416.0,3496966171.0,22.83,35.41,,,2399727.0,50437969.0,6.11,1780189.0,35865460.0,,,65.9
fomo-wallet,fomo Wallet,Trading App,,,,,,144963555.0,1059616701.0,6415603400.0,0.91,36.41,,,583151.0,14340940.0,74.71,583015.0,14330222.0,,,72.4
axiom,Axiom,Trading App,,,,,,124061310.0,735202524.0,2653459947.0,-2.37,14.36,,,1198892.0,32553125.0,19.95,621315.0,15633546.0,,,58.0
gmgn,GMGN,Trading App,,,,,,32586518.0,209104652.0,650448661.0,34.33,196.1,,,290845.0,6670450.0,40.95,246301.0,5257521.0,,,83.8
pump.fun-mobile-app,pump.fun Mobile App,Interface,,,,,,24150796.0,134534226.0,440605721.0,1.19,35.78,,,492167.0,8317565.0,38.51,198365.0,3920553.0,,,67.5
jupiterz,Jupiterz,Dexs,,,,,,22610569.0,432010451.0,1710662070.0,12.81,24.7,,,,,,,,,,64.3
meteora-dynamic-bonding-curve,Meteora Dynamic Bonding Curve,Launchpad,,,,,,20619247.0,135033835.0,486268546.0,25.97,116.86,,,181881.0,2088855.0,134.56,31369.0,378477.0,,,87.8
terminal,Terminal,Telegram Bot,,,,,,17583299.0,134538094.0,474962054.0,7.86,9.52,,,184385.0,5445942.0,4.1,94077.0,2803093.0,,,55.8
humidifi,HumidiFi,Dexs,,,,,,17354770.0,278094592.0,3948743574.0,-37.32,96.27,,,0.0,392585.0,613.52,0.0,392585.0,,,69.5
stonkfun,StonkFun,Launchpad,,,,,,17285543.0,175147900.0,823962052.0,-39.34,,,,577372.0,29515868.0,1996.68,577372.0,29515868.0,,,58.7
zerofi,ZeroFi,Dexs,,,,,,9923498.0,92098351.0,92106482.0,,4387.47,,,,,,,,,,
solfi-v2,SolFi V2,Dexs,,,,,,9310258.0,228994612.0,936219330.0,12.3,-12.63,,,,,,,,,,51.5
launchlab,LaunchLab,Launchpad,,,,,,7533954.0,105151350.0,426443412.0,-17.71,2829.11,,,248889.0,11030662.0,18087.41,47126.0,2285509.0,,,75.6
collector-crypt,Collector Crypt,Physical TCG,,,,,,5752864.0,37489733.0,144011660.0,6.31,21.16,,,496421.0,13793859.0,46.56,496421.0,13793859.0,,,67.9
trojan,Trojan,Telegram Bot,,,,,,3910978.0,25980000.0,102934509.0,-4.32,-12.13,,,36446.0,1075649.0,-10.34,28814.0,851910.0,,,42.9
quantumamm,QuantumAMM,Dexs,,,,,,2569424.0,377846820.0,2212584833.0,-21.48,68.42,,,,,,,,,,57.2
quay,Quay,Dexs,,,,,,1586412.0,8288335.0,83915902.0,-30.4,8.19,,,,,,,,,,39.3
ave.ai,Ave.ai,Trading App,,,,,,1458106.0,7623020.0,29838122.0,-1.17,65.3,,,3009.0,34392.0,86.94,3009.0,34392.0,,,76.1
soltradingbot,SolTradingBot,Telegram Bot,,,,,,1334882.0,4820267.0,14953672.0,44.03,-22.75,,,1445.0,28434.0,-42.35,965.0,21017.0,,,46.4
photon,Photon,Trading App,,,,,,1323242.0,9619901.0,32520347.0,19.44,-44.85,,,14572.0,347974.0,-52.99,14572.0,347974.0,,,35.0
bloom-trading-bot,Bloom Trading Bot,Gaming,,,,,,1262812.0,7925806.0,27680856.0,-18.19,28.11,,,23520.0,239923.0,-43.86,122.0,142244.0,,,39.7
bullx,BullX,Telegram Bot,,,,,,1192721.0,3828941.0,13407065.0,31.73,-2.85,,,133.0,790.22,-4.26,133.0,790.22,,,57.3
bonkbot,BONKbot,Telegram Bot,,,,,,675976.0,5037431.0,20880188.0,-4.26,10.19,,,4802.0,115009.0,18.67,3165.0,65960.0,,,56.2
phygitals,Phygitals,Physical TCG,,,,,,572375.0,4425595.0,25545053.0,-57.0,41.74,,,0.0,448484.0,201.06,0.0,448484.0,,,61.5
moonshot.money,moonshot.money,Trading App,,,,,,289677.0,2693555.0,13380046.0,-3.91,-13.78,,,7361.0,208774.0,-20.33,7361.0,208774.0,,,40.0
beezie,Beezie,Physical TCG,,,,,,232059.0,2437839.0,10707548.0,10.85,-3.15,,,6968.0,330606.0,2.77,6968.0,330606.0,,,53.5
telemetry,Telemetry,Trading App,,,,,,130067.0,956314.0,3704695.0,-2.4,10.92,,,1088.0,41110.0,6.96,645.0,24661.0,,,53.7
ready-cards,Ready Cards,Physical TCG,,,,,,0.0,1128.0,51263.0,-96.76,-62.17,,,0.0,43503.0,-49.62,0.0,43503.0,,,10.2
jupiter-aggregator,Jupiter Aggregator,DEX Aggregator,,,,,,,,,-12.52,1.64,286583810.0,14870476270.0,108553.0,3791681.0,7.18,108553.0,3791681.0,,,48.5
metamask-wallet,MetaMask Wallet,Wallets,,,,,,,,,-55.77,1488.54,0.0,27502041.0,0.0,501457.27,57.69,0.0,501457.27,,,62.8
bitget-wallet-x,Bitget Wallet X,DEX Aggregator,,,,,,,,,13.21,15.55,1534412.0,40745632.0,,,,,,,,61.6
okx-swap,OKX Swap,DEX Aggregator,,,,,,,,,-0.43,19.1,99682193.0,4469576398.0,,,,,,,,56.3
li.fi-dex-aggregator,LI.FI DEX Aggregator,DEX Aggregator,,,,,,,,,16.87,180.18,9303217.0,169131658.0,,,,,,,,78.9
rango,Rango,Bridge Aggregator,,,,,,,,,-8.13,-70.67,226965.0,16858370.0,4640.0,490513.0,841.34,0.0,0.0,,,53.3
liquidmesh,LiquidMesh,DEX Aggregator,,,,,,,,,25.09,53.74,5218755.0,123003468.0,,,,,,,,76.5
titan-exchange,Titan Exchange,DEX Aggregator,,,,,,,,,36.65,5.77,32670173.0,824098042.0,,,,,,,,67.8
binance-wallet,Binance Wallet,Wallets,,,,,,,,,18.78,119.04,9531539.0,263794391.0,,,,,,,,79.0
dflow-aggregator,DFlow Aggregator,DEX Aggregator,,,,,,,,,0.19,36.76,305148568.0,9628145828.0,,,,,,,,61.6
debridge,deBridge,Bridge,,,,,,,,,,,,,3454.0,116350.0,17.92,3454.0,116350.0,,,
ondo-yield-assets,Ondo Yield Assets,RWA,,,,,,,,,,,,,18126.0,438979.0,-11.98,0.0,0.0,,,
maestro,Maestro,Telegram Bot,,,,,,,,,,,,,12834.0,392744.0,20.68,9001.0,267220.0,,,
fluid-lending,Fluid Lending,Lending,,,,,,,,,,,,,1441.0,79239.0,95.86,1441.0,79239.0,,,
definitive,Definitive,DEX Aggregator,,,,,,,,,,,,,3906.0,137945.0,68.57,3906.0,137945.0,,,
geodnet,Geodnet,Oracle,,,,,,,,,,,,,19174.0,587837.0,-4.54,19174.0,587837.0,,,
bloxroute,bloXroute,MEV,,,,,,,,,,,,,10371.0,257921.0,-5.64,10371.0,257921.0,,,
blackrock-buidl,BlackRock BUIDL,RWA,,,,,,,,,,,,,109713.0,3267278.0,28.42,5302.0,161802.0,,,
mevx,MEVX,Telegram Bot,,,,,,,,,,,,,2407.0,34219.0,-42.91,2407.0,34219.0,,,
metaplex,Metaplex,Launchpad,,,,,,,,,,,,,69.0,60557.03,-73.98,69.0,60557.03,,,
dex-screener,DEX Screener,Coins Tracker,,,,,,,,,,,,,168031.0,5441361.0,15.78,168031.0,5441361.0,,,
dextools,DEXTools,Coins Tracker,,,,,,,,,,,,,884.0,52988.0,-13.33,884.0,52988.0,,,
helio,Helio,Payments,,,,,,,,,,,,,2193.0,146131.0,28.02,2193.0,146131.0,,,
phantom-wallet,Phantom Wallet,Wallets,,,,,,,,,,,,,209464.0,7022957.0,6.06,209464.0,7022957.0,,,
jupiter-dca,Jupiter DCA,DCA Tools,,,,,,,,,,,,,2951.0,144435.0,145.24,2951.0,144435.0,,,
mayan-dex-aggregator,Mayan DEX Aggregator,DEX Aggregator,,,,,,,,,,,,,3263.0,154954.0,28.89,3263.0,154954.0,,,
jito-mev-tips,Jito MEV Tips,MEV,,,,,,,,,,,,,268848.0,5633329.0,28.62,10754.0,225323.0,,,
bonk.fun-launchpad,BONK.fun Launchpad,Launchpad,,,,,,,,,,,,,201120.0,9396236.0,5554.32,119462.0,5584093.0,,,
bags,Bags,Launchpad,,,,,,,,,,,,,2196.0,265466.0,-83.01,1098.0,132734.0,,,
moonshot-create,Moonshot Create,Launchpad,,,,,,,,,,,,,1004.0,75114.0,-2.0,988.0,73805.0,,,
jupiter-studio,Jupiter Studio,Launchpad,,,,,,,,,,,,,293.0,61449.0,28.4,234.0,54230.0,,,
graphite-protocol,Graphite Protocol,Launchpad,,,,,,,,,,,,,79659.0,3790132.0,5644.8,79659.0,3790132.0,,,
jito-dao,Jito DAO,DAO Service Provider,,,,,,,,,,,,,23949.0,417053.0,22.72,23949.0,417053.0,,,
apollo-diversified-credit-securitize-fund,Apollo Diversified Credit Securitize Fund,RWA,,,,,,,,,,,,,251.0,84421.0,-45.23,251.0,7543.0,,,
vaneck-treasury-fund,VanEck Treasury Fund,RWA,,,,,,,,,,,,,1553.0,44812.0,6.65,80.0,2368.0,,,
geckoterminal,GeckoTerminal,Interface,,,,,,,,,,,,,2593.0,76394.0,21.24,2593.0,76394.0,,,
lab-terminal,LAB Terminal,Trading App,,,,,,,,,,,,,2378.0,109081.0,-34.56,,,,,
ore-protocol,ORE Protocol,Gamified Mining,,,,,,,,,,,,,132022.0,2593955.0,-6.82,132022.0,2593955.0,,,
godl-protocol,GODL protocol,Gamified Mining,,,,,,,,,,,,,14568.0,262329.0,-43.44,14568.0,262329.0,,,
dfdvsol,dfdvSOL,Liquid Staking,,,,,,,,,,,,,39514.0,707053.65,84.12,1008.0,13749.28,,,
securitize-tokenized-aaa-clo-fund,Securitize Tokenized AAA CLO Fund,RWA,,,,,,,,,,,,,1466.0,802129.0,-36.66,1466.0,55646.0,,,
hastra,Hastra,RWA,,,,,,,,,,,,,19973.0,655385.0,-18.83,0.0,0.0,,,
pagcrypto,PagCrypto,Payments,,,,,,,,,,,,,329.0,124617.58,-2.28,329.0,124617.58,,,
pyth-pro,Pyth Pro,Oracle,,,,,,,,,,,,,0.0,722897.0,,0.0,433738.0,,,
harmonic,Harmonic,MEV,,,,,,,,,,,,,24600.0,593115.0,20.02,0.0,0.0,,,
nozomi,Nozomi,Developer Tools,,,,,,,,,,,,,17754.0,559086.0,-9.49,0.0,0.0,,,
phoenix-perp,Phoenix Perp,Derivatives,,,,,,,,,,,,,5671.0,271735.0,-10.83,,,,,
easya-kickstart,EasyA Kickstart,Launchpad,,,,,,,,,,,,,1278.0,35831.0,-61.09,510.0,14307.0,,,
render-network-bme,Render Network BME,DePIN,,,,,,,,,,,,,15285.0,248767.0,83.58,15285.0,248767.0,,,
squeeze,Squeeze,Launchpad,,,,,,,,,,,,,89.0,82643.46,84.48,89.0,82643.46,,,
ansem.io,Ansem.io,Launchpad,,,,,,,,,,,,,13.98,46964.72,-97.68,13.98,46964.72,,,
lp-agent,LP Agent,Liquidity Automation,,,,,,,,,,,,,33679.0,761649.0,107.9,2694.0,60912.0,,,
bidgrid,BidGrid,Gamified Mining,,,,,,,,,,,,,0.0,862262.0,275.11,0.0,534454.0,,,
rapid-launch,Rapid Launch,Launchpad,,,,,,,,,,,,,5083.0,160387.0,-3.86,4391.0,138491.0,,,
attention-mine,Attention Mine,Gamified Mining,,,,,,,,,,,,,3093.0,431478.0,,3093.0,431339.0,,,
valhalla,Valhalla,Liquidity Automation,,,,,,,,,,,,,50677.0,1113231.0,115.06,,8648.0,,,
